size,solutionFound,time
0,1,1.0967254638671875e-05
4,1,0.0003941059112548828
4,1,0.000331878662109375
4,0,0.0009274482727050781
4,1,0.0002918243408203125
4,0,0.0002455711364746094
4,0,0.00011539459228515625
4,0,0.0003674030303955078
4,1,0.0002639293670654297
4,1,0.0002753734588623047
4,1,0.00045228004455566406
4,0,0.00022673606872558594
4,1,0.0002536773681640625
4,1,0.00028586387634277344
4,0,0.0004665851593017578
4,1,0.0003266334533691406
4,1,0.0002741813659667969
4,1,0.0003368854522705078
4,0,0.0003745555877685547
4,0,0.00037288665771484375
4,1,0.0002734661102294922
4,1,0.00025177001953125
4,1,0.0002713203430175781
4,1,0.0002760887145996094
4,1,0.0002620220184326172
4,1,0.0004639625549316406
4,1,0.00032973289489746094
4,0,0.000125885009765625
4,1,0.0004391670227050781
4,1,0.00027370452880859375
4,1,0.0002989768981933594
4,1,0.0002541542053222656
4,0,0.00022530555725097656
4,1,0.0002655982971191406
4,0,0.0008025169372558594
4,0,0.0005137920379638672
4,1,0.0003070831298828125
4,1,0.0003979206085205078
4,0,0.00013589859008789062
4,1,0.00027561187744140625
4,1,0.0003447532653808594
4,0,0.00010132789611816406
4,1,0.00036978721618652344
4,1,0.0002739429473876953
4,0,0.00030922889709472656
4,1,0.00026154518127441406
4,1,0.0002868175506591797
4,1,0.0002732276916503906
4,0,0.0001201629638671875
4,1,0.0002529621124267578
4,0,0.00040602684020996094
4,0,0.00017833709716796875
4,1,0.00034427642822265625
4,1,0.0002677440643310547
4,0,0.0003116130828857422
4,1,0.0007288455963134766
4,1,0.0005211830139160156
4,1,0.0002613067626953125
4,1,0.00025963783264160156
4,1,0.0005123615264892578
4,1,0.0002751350402832031
4,0,0.00019669532775878906
4,1,0.0004055500030517578
4,0,0.00010395050048828125
4,1,0.00026988983154296875
4,0,0.0003857612609863281
4,1,0.0002605915069580078
4,1,0.0002605915069580078
4,1,0.0002682209014892578
4,0,0.00027823448181152344
4,0,0.0002243518829345703
4,0,0.00029754638671875
4,0,0.0004715919494628906
4,0,0.0002071857452392578
4,1,0.00035452842712402344
4,0,0.0001537799835205078
4,0,0.00017309188842773438
4,0,0.00018310546875
4,1,0.00027370452880859375
4,1,0.0003635883331298828
4,1,0.00028395652770996094
4,1,0.00024390220642089844
4,1,0.00024771690368652344
4,0,0.0005104541778564453
4,1,0.00026869773864746094
4,1,0.000247955322265625
4,1,0.0002925395965576172
4,1,0.00035119056701660156
4,1,0.0002474784851074219
4,0,0.0006406307220458984
4,0,0.0001900196075439453
4,0,0.0001900196075439453
4,1,0.0002815723419189453
4,1,0.0003609657287597656
4,1,0.0002918243408203125
4,0,0.00036597251892089844
4,1,0.00032830238342285156
4,0,0.0004849433898925781
4,0,0.0004773139953613281
4,1,0.0002536773681640625
4,0,0.0004532337188720703
4,0,0.0004200935363769531
4,0,0.0005347728729248047
4,1,0.0003142356872558594
4,1,0.00028443336486816406
4,1,0.00030612945556640625
4,0,0.0003905296325683594
4,0,0.0008409023284912109
4,1,0.0002684593200683594
4,1,0.00026416778564453125
4,1,0.00036597251892089844
4,1,0.0002446174621582031
4,0,9.036064147949219e-05
4,0,0.0003833770751953125
4,1,0.0002448558807373047
4,1,0.00023651123046875
4,1,0.0002541542053222656
4,1,0.00022721290588378906
4,1,0.00023603439331054688
4,0,0.00015807151794433594
4,1,0.0002532005310058594
4,0,0.00038433074951171875
4,0,0.0005133152008056641
4,1,0.00024700164794921875
4,1,0.0004284381866455078
4,0,0.0004305839538574219
4,1,0.000240325927734375
4,1,0.00023698806762695312
4,0,0.00019550323486328125
4,0,0.00023889541625976562
4,0,9.512901306152344e-05
4,1,0.0004868507385253906
4,1,0.00025272369384765625
4,0,0.0008642673492431641
4,1,0.00025153160095214844
4,0,0.0010533332824707031
4,1,0.0002834796905517578
4,1,0.00029468536376953125
4,0,0.0001888275146484375
4,1,0.00027823448181152344
4,0,0.0002827644348144531
4,0,0.0003833770751953125
4,0,0.0001289844512939453
4,0,0.00022411346435546875
4,0,0.000179290771484375
4,0,0.0002129077911376953
4,1,0.0002772808074951172
4,1,0.000274658203125
4,0,0.00016570091247558594
4,0,0.00013637542724609375
4,1,0.00039267539978027344
4,0,7.605552673339844e-05
4,1,0.0002560615539550781
4,0,0.00021791458129882812
4,0,0.00014328956604003906
4,1,0.0002338886260986328
4,0,0.0001823902130126953
4,0,7.748603820800781e-05
4,0,0.0003676414489746094
4,1,0.00023603439331054688
4,0,0.00015997886657714844
4,0,7.724761962890625e-05
4,1,0.00023746490478515625
4,1,0.0004324913024902344
4,1,0.0002574920654296875
4,1,0.00027060508728027344
4,0,0.0003933906555175781
4,1,0.00026798248291015625
4,1,0.0003604888916015625
4,1,0.0002658367156982422
4,0,0.00010919570922851562
4,0,0.00032448768615722656
4,1,0.0002899169921875
4,0,0.00019097328186035156
4,1,0.0003330707550048828
4,0,0.00020551681518554688
4,1,0.0004227161407470703
4,0,0.00011754035949707031
4,1,0.00029540061950683594
4,1,0.0003037452697753906
4,1,0.00034165382385253906
4,0,0.00036454200744628906
4,1,0.00023698806762695312
4,1,0.00031828880310058594
4,1,0.00022840499877929688
4,0,0.00024080276489257812
4,1,0.0002512931823730469
4,0,0.00015878677368164062
4,0,0.0002906322479248047
4,1,0.0003809928894042969
4,1,0.00040435791015625
4,1,0.000244140625
4,0,9.369850158691406e-05
4,1,0.00024080276489257812
4,0,0.0006833076477050781
4,0,7.2479248046875e-05
4,0,0.00015115737915039062
4,0,0.00028443336486816406
4,0,0.0004608631134033203
4,1,0.00023555755615234375
4,0,0.00034236907958984375
4,0,0.00029087066650390625
4,1,0.0003218650817871094
4,0,0.00023746490478515625
4,1,0.00032067298889160156
4,1,0.0005068778991699219
4,1,0.0003197193145751953
4,1,0.00034236907958984375
4,0,0.0007243156433105469
4,1,0.0003528594970703125
4,1,0.0002856254577636719
4,0,0.000156402587890625
4,1,0.000354766845703125
4,1,0.0002655982971191406
4,0,0.0002570152282714844
4,1,0.0002720355987548828
4,1,0.00030350685119628906
4,0,0.000274658203125
4,1,0.0002582073211669922
4,0,0.0003383159637451172
4,0,0.00010800361633300781
4,0,0.0004363059997558594
4,0,0.0002353191375732422
4,1,0.00029587745666503906
4,0,0.0002658367156982422
4,1,0.00043487548828125
4,0,0.00012922286987304688
4,0,0.0003070831298828125
4,0,0.00023174285888671875
4,1,0.0008642673492431641
4,1,0.00029277801513671875
4,1,0.000263214111328125
4,0,0.0003116130828857422
4,1,0.0004215240478515625
4,1,0.0005207061767578125
4,0,0.00032210350036621094
4,0,0.0004937648773193359
4,1,0.0002732276916503906
4,0,0.00019550323486328125
4,0,0.0002818107604980469
4,0,0.00016880035400390625
4,0,0.00011157989501953125
4,1,0.00027871131896972656
4,0,0.0002741813659667969
4,1,0.00034737586975097656
4,0,0.00043487548828125
4,0,0.0017161369323730469
4,0,0.00022912025451660156
4,1,0.0002753734588623047
4,1,0.0003521442413330078
4,0,0.00022792816162109375
4,0,0.00019550323486328125
4,1,0.00028443336486816406
4,1,0.00034332275390625
4,0,0.0002002716064453125
4,0,0.00010466575622558594
4,0,0.0001728534698486328
4,0,0.0002512931823730469
4,1,0.00026798248291015625
4,0,0.0001277923583984375
4,0,0.00010514259338378906
4,1,0.0003018379211425781
4,0,0.00020051002502441406
4,0,0.00021266937255859375
4,1,0.0003387928009033203
4,1,0.0002925395965576172
4,1,0.00030040740966796875
4,0,0.00010991096496582031
4,0,0.00010800361633300781
4,1,0.00028252601623535156
4,0,0.00026702880859375
4,1,0.0008742809295654297
4,1,0.00029921531677246094
4,1,0.00037169456481933594
4,0,0.000823974609375
4,0,0.00018715858459472656
4,1,0.0002732276916503906
4,0,0.0005612373352050781
4,0,0.0006246566772460938
4,1,0.00026607513427734375
4,1,0.00032138824462890625
4,1,0.0002541542053222656
4,1,0.00027632713317871094
4,1,0.0003733634948730469
4,0,0.0004038810729980469
4,1,0.00029778480529785156
4,0,0.00010943412780761719
4,1,0.00028395652770996094
4,0,0.0002162456512451172
4,1,0.0002932548522949219
4,1,0.00032711029052734375
4,1,0.00025463104248046875
4,0,0.00011515617370605469
4,1,0.0002779960632324219
4,1,0.0002903938293457031
4,0,0.0005016326904296875
4,1,0.0003399848937988281
4,1,0.0002658367156982422
4,1,0.0005285739898681641
4,0,0.0005137920379638672
4,0,0.0019245147705078125
4,1,0.0002598762512207031
4,0,0.00028777122497558594
4,1,0.0002627372741699219
4,0,0.0002999305725097656
4,1,0.00043201446533203125
4,1,0.00027823448181152344
4,0,0.00020647048950195312
4,0,0.00022745132446289062
4,0,0.0002875328063964844
4,1,0.000614166259765625
4,1,0.0002779960632324219
4,1,0.0002617835998535156
4,0,0.00046372413635253906
4,1,0.0004184246063232422
4,0,0.00027561187744140625
4,0,0.0003218650817871094
4,0,0.00022029876708984375
4,1,0.00045228004455566406
4,0,0.0001850128173828125
4,1,0.0004165172576904297
4,1,0.0004429817199707031
4,0,0.0003914833068847656
4,1,0.00044608116149902344
4,0,0.00010967254638671875
4,1,0.00046443939208984375
4,0,0.0004062652587890625
4,0,0.0001456737518310547
4,1,0.00027942657470703125
4,0,0.00040984153747558594
4,1,0.0002903938293457031
4,0,0.0001456737518310547
4,1,0.00022482872009277344
4,1,0.0002505779266357422
4,1,0.00044417381286621094
4,1,0.00037026405334472656
4,1,0.00026726722717285156
4,1,0.0006182193756103516
4,1,0.0002467632293701172
4,0,0.00020265579223632812
4,1,0.0007812976837158203
4,1,0.0003795623779296875
4,1,0.00024175643920898438
4,0,7.748603820800781e-05
4,1,0.00025081634521484375
4,0,7.724761962890625e-05
4,1,0.00023651123046875
4,1,0.0003745555877685547
4,0,0.0003597736358642578
4,1,0.00024509429931640625
4,1,0.0006527900695800781
4,1,0.0003955364227294922
4,1,0.0002586841583251953
4,1,0.0002422332763671875
4,1,0.0002281665802001953
4,0,0.0002281665802001953
4,0,0.0002384185791015625
4,1,0.00023984909057617188
4,0,0.0004127025604248047
4,1,0.0005524158477783203
4,1,0.00024318695068359375
4,1,0.0003032684326171875
4,0,0.0007045269012451172
4,1,0.0002624988555908203
4,0,0.0008652210235595703
4,1,0.0003521442413330078
4,0,8.440017700195312e-05
4,0,0.0007295608520507812
4,1,0.00022983551025390625
4,1,0.0002536773681640625
4,0,0.0005164146423339844
4,1,0.00023555755615234375
4,1,0.00022029876708984375
4,1,0.0002288818359375
4,1,0.00024437904357910156
4,1,0.0002639293670654297
4,1,0.0002543926239013672
4,0,7.43865966796875e-05
4,0,0.0001804828643798828
4,1,0.0002334117889404297
4,0,0.0002696514129638672
4,1,0.00031495094299316406
4,1,0.00022149085998535156
4,0,7.295608520507812e-05
4,1,0.00023794174194335938
4,1,0.0002269744873046875
4,0,0.0002582073211669922
4,1,0.00033855438232421875
4,1,0.00022220611572265625
4,0,0.0003452301025390625
4,1,0.0003070831298828125
4,1,0.0002503395080566406
4,1,0.0002605915069580078
4,1,0.0002913475036621094
4,1,0.00038695335388183594
4,1,0.00027370452880859375
4,0,0.00010180473327636719
4,0,7.271766662597656e-05
4,0,0.0004031658172607422
4,0,7.534027099609375e-05
4,0,0.0004889965057373047
4,0,7.653236389160156e-05
4,0,0.0003571510314941406
4,1,0.00025343894958496094
4,1,0.00024366378784179688
4,0,0.00012183189392089844
4,1,0.0002732276916503906
4,0,0.00025463104248046875
4,1,0.00027680397033691406
4,0,0.00011658668518066406
4,1,0.0003933906555175781
4,1,0.0003788471221923828
4,0,0.00039458274841308594
4,1,0.0002758502960205078
4,1,0.0003497600555419922
4,0,0.0002434253692626953
4,0,0.0002675056457519531
4,1,0.0002868175506591797
4,0,0.00032329559326171875
4,0,0.0007069110870361328
4,0,0.00020575523376464844
4,1,0.0002601146697998047
4,1,0.00028014183044433594
4,1,0.0006260871887207031
4,1,0.0003561973571777344
4,1,0.0003046989440917969
4,0,0.0006058216094970703
4,1,0.0003292560577392578
4,0,0.00010395050048828125
4,1,0.00026869773864746094
4,0,0.0002346038818359375
4,0,9.870529174804688e-05
4,1,0.0003006458282470703
4,0,0.00011682510375976562
4,1,0.0005168914794921875
4,1,0.0002579689025878906
4,1,0.0002994537353515625
4,1,0.00025773048400878906
4,1,0.0002715587615966797
4,1,0.00027370452880859375
4,1,0.0003275871276855469
4,1,0.00025773048400878906
4,1,0.0002727508544921875
4,0,0.00042128562927246094
4,0,0.00014257431030273438
4,0,0.0001666545867919922
4,0,0.00018334388732910156
4,1,0.0002620220184326172
4,1,0.0003075599670410156
4,1,0.0002560615539550781
4,0,0.00011777877807617188
4,0,0.00016736984252929688
4,0,0.0001220703125
4,0,0.00021409988403320312
4,0,0.0002751350402832031
4,1,0.00027370452880859375
4,0,0.00014472007751464844
4,1,0.00028824806213378906
4,1,0.0002739429473876953
4,1,0.0003178119659423828
4,0,0.0002467632293701172
4,1,0.00026869773864746094
4,0,0.00014090538024902344
4,1,0.00025725364685058594
4,0,0.00022840499877929688
4,0,0.00023603439331054688
4,1,0.0002818107604980469
4,1,0.0002677440643310547
4,1,0.0002677440643310547
4,1,0.0003685951232910156
4,1,0.0002732276916503906
4,0,9.679794311523438e-05
4,1,0.0002899169921875
4,1,0.0004868507385253906
4,1,0.0002665519714355469
4,0,0.0003414154052734375
4,1,0.000377655029296875
4,1,0.00029206275939941406
4,0,0.000255584716796875
4,0,0.00017714500427246094
4,1,0.0002846717834472656
4,1,0.0002644062042236328
4,0,0.0001347064971923828
4,1,0.00038552284240722656
4,1,0.00039267539978027344
4,1,0.00030684471130371094
4,0,0.0003528594970703125
4,1,0.0003883838653564453
4,0,0.00013375282287597656
4,1,0.00028777122497558594
4,1,0.0003981590270996094
4,1,0.00037026405334472656
4,1,0.0004971027374267578
4,1,0.0002808570861816406
4,0,0.00010848045349121094
4,0,0.00021076202392578125
4,0,0.0005693435668945312
4,1,0.0002465248107910156
4,1,0.0002779960632324219
4,0,0.00011038780212402344
4,1,0.00029397010803222656
4,0,0.0002071857452392578
4,0,0.00028014183044433594
4,1,0.00027751922607421875
4,1,0.0002834796905517578
4,1,0.0006077289581298828
4,1,0.0002722740173339844
4,1,0.0002846717834472656
4,1,0.00028014183044433594
4,0,0.0001811981201171875
4,0,0.00017333030700683594
4,1,0.00027680397033691406
4,1,0.00030159950256347656
4,1,0.000324249267578125
4,1,0.0002865791320800781
4,1,0.0004172325134277344
4,1,0.0002677440643310547
4,1,0.0004222393035888672
4,1,0.00027370452880859375
4,1,0.0003705024719238281
4,1,0.00030422210693359375
4,1,0.00028896331787109375
4,0,0.000125885009765625
4,1,0.0003724098205566406
4,1,0.00028204917907714844
4,0,0.00023818016052246094
4,0,0.00010800361633300781
4,0,0.00014138221740722656
4,0,0.0001621246337890625
4,1,0.0002799034118652344
4,1,0.00027632713317871094
4,0,0.0005307197570800781
4,0,0.00017309188842773438
4,0,0.0002200603485107422
4,0,0.0002665519714355469
4,1,0.00031685829162597656
4,0,0.0004565715789794922
4,1,0.0002644062042236328
4,1,0.0002894401550292969
4,0,0.0003325939178466797
4,1,0.00030922889709472656
4,0,0.00025272369384765625
4,1,0.00042128562927246094
4,0,0.0002703666687011719
4,1,0.000339508056640625
4,1,0.0003063678741455078
4,0,0.00010824203491210938
4,1,0.00027871131896972656
4,0,0.00010347366333007812
4,1,0.0002758502960205078
4,0,0.00022339820861816406
4,1,0.00026726722717285156
4,0,0.00018978118896484375
4,1,0.0002837181091308594
4,1,0.0002834796905517578
4,0,0.0003428459167480469
4,0,0.0001506805419921875
4,1,0.00035643577575683594
4,1,0.00028133392333984375
4,1,0.0003476142883300781
4,1,0.00033974647521972656
4,1,0.0003383159637451172
4,1,0.00027751922607421875
4,0,0.00029468536376953125
4,1,0.0002689361572265625
4,0,0.0005099773406982422
4,0,0.00010776519775390625
4,1,0.00026154518127441406
4,0,0.00030732154846191406
4,0,0.0002655982971191406
4,1,0.0002777576446533203
4,0,0.00010657310485839844
4,1,0.0002796649932861328
4,0,0.00018858909606933594
4,0,0.00012636184692382812
4,1,0.0002627372741699219
4,1,0.00045108795166015625
4,1,0.0002968311309814453
4,1,0.00036787986755371094
4,1,0.00027489662170410156
4,0,0.00010585784912109375
4,1,0.00025773048400878906
4,0,0.0002887248992919922
4,1,0.0002617835998535156
4,1,0.00027251243591308594
4,1,0.0004677772521972656
4,1,0.00028514862060546875
4,1,0.0002624988555908203
4,0,0.0003151893615722656
4,0,0.00041222572326660156
4,0,0.00023865699768066406
4,1,0.0003299713134765625
4,1,0.0002923011779785156
4,1,0.00027370452880859375
4,0,0.00036334991455078125
4,1,0.0002760887145996094
4,0,0.0007390975952148438
4,1,0.0004355907440185547
4,1,0.0002713203430175781
4,1,0.0003867149353027344
4,0,0.00011658668518066406
4,1,0.0002646446228027344
4,1,0.00029468536376953125
4,0,0.0002903938293457031
4,0,0.0001857280731201172
4,0,0.00011277198791503906
4,1,0.0002803802490234375
4,0,0.0013704299926757812
4,1,0.0002777576446533203
4,0,0.00011110305786132812
4,1,0.0003685951232910156
4,1,0.0002682209014892578
4,1,0.00027751922607421875
4,1,0.0003845691680908203
4,1,0.0007693767547607422
4,1,0.00036644935607910156
4,1,0.00028634071350097656
4,1,0.0004317760467529297
4,1,0.0002560615539550781
4,1,0.0003695487976074219
4,1,0.0002586841583251953
4,1,0.00031447410583496094
4,1,0.0002651214599609375
4,1,0.0002868175506591797
4,0,0.0001914501190185547
4,0,0.0002167224884033203
4,0,0.0011110305786132812
4,1,0.0004630088806152344
4,0,0.00011467933654785156
4,0,0.00010395050048828125
4,1,0.0002899169921875
4,0,0.0002880096435546875
4,1,0.00025844573974609375
4,1,0.0002696514129638672
4,0,0.0002105236053466797
4,1,0.00030040740966796875
4,0,0.0004029273986816406
4,1,0.0003426074981689453
4,1,0.00027108192443847656
4,0,0.00020313262939453125
4,1,0.0002677440643310547
4,0,0.0006058216094970703
4,0,0.00018262863159179688
4,0,0.00010609626770019531
4,1,0.00028586387634277344
4,0,0.00011372566223144531
4,1,0.0002732276916503906
4,1,0.0003170967102050781
4,0,0.00016117095947265625
4,0,0.0006697177886962891
4,1,0.00026226043701171875
4,1,0.0002949237823486328
4,1,0.00037741661071777344
4,1,0.0003440380096435547
4,0,0.00037789344787597656
4,1,0.0005319118499755859
4,1,0.0002503395080566406
4,0,0.0003097057342529297
4,1,0.00027298927307128906
4,1,0.0002644062042236328
4,1,0.0002627372741699219
4,1,0.0003936290740966797
4,1,0.00026607513427734375
4,1,0.0002608299255371094
4,1,0.0004265308380126953
4,1,0.00040149688720703125
4,1,0.0002617835998535156
4,1,0.00026416778564453125
4,1,0.0002608299255371094
4,1,0.00026226043701171875
4,0,0.00021600723266601562
4,0,0.0003485679626464844
4,0,0.0002040863037109375
4,0,0.00039267539978027344
4,0,0.00036525726318359375
4,1,0.0002727508544921875
4,0,0.0003750324249267578
4,1,0.0003380775451660156
4,1,0.00025963783264160156
4,1,0.00025916099548339844
4,0,0.000270843505859375
4,0,0.0005035400390625
4,1,0.00025200843811035156
4,1,0.0004029273986816406
4,1,0.0003750324249267578
4,1,0.0003571510314941406
4,0,0.0002243518829345703
4,0,0.00040984153747558594
4,1,0.00046515464782714844
4,1,0.0003733634948730469
4,1,0.0002994537353515625
4,1,0.0002818107604980469
4,1,0.00037479400634765625
4,1,0.0002684593200683594
4,0,0.0002989768981933594
4,1,0.0002665519714355469
4,0,0.00011420249938964844
4,0,0.0006253719329833984
4,1,0.00025773048400878906
4,1,0.00025534629821777344
4,1,0.0002582073211669922
4,0,0.0005965232849121094
4,1,0.0008716583251953125
4,0,0.00028014183044433594
4,1,0.00025153160095214844
4,1,0.00034117698669433594
4,0,0.00010085105895996094
4,1,0.0002617835998535156
4,1,0.00025844573974609375
4,1,0.0002658367156982422
4,0,9.846687316894531e-05
4,1,0.00026988983154296875
4,0,0.00022339820861816406
4,0,0.0002524852752685547
4,1,0.00036597251892089844
4,1,0.0002608299255371094
4,0,0.0003542900085449219
4,0,0.00016069412231445312
4,1,0.00026917457580566406
4,1,0.0006663799285888672
4,1,0.0002646446228027344
4,1,0.0002734661102294922
4,1,0.0002639293670654297
4,0,0.0003464221954345703
4,1,0.0004150867462158203
4,1,0.0003247261047363281
4,1,0.0002586841583251953
4,1,0.0006504058837890625
4,1,0.00026988983154296875
4,1,0.00034546852111816406
4,0,0.00017714500427246094
4,0,0.0002353191375732422
4,1,0.00026488304138183594
4,1,0.0002727508544921875
4,1,0.0005793571472167969
4,1,0.00027942657470703125
4,1,0.0006239414215087891
4,1,0.0004582405090332031
4,1,0.0002460479736328125
4,1,0.0004107952117919922
4,0,0.0003609657287597656
4,0,0.0001800060272216797
4,1,0.0002694129943847656
4,1,0.00025534629821777344
4,1,0.00027179718017578125
4,0,0.00023889541625976562
4,1,0.00031948089599609375
4,1,0.00037598609924316406
4,0,0.0004711151123046875
4,1,0.0002696514129638672
4,1,0.0004858970642089844
4,0,0.0002715587615966797
4,0,0.00023365020751953125
4,1,0.0006134510040283203
4,0,0.0003726482391357422
4,1,0.0003936290740966797
4,0,0.00011563301086425781
4,0,0.00019288063049316406
4,1,0.0003662109375
4,1,0.00026345252990722656
4,0,0.0002269744873046875
4,1,0.00042247772216796875
4,1,0.0006158351898193359
4,1,0.0004818439483642578
4,1,0.00033974647521972656
4,1,0.0003676414489746094
4,1,0.00025010108947753906
4,0,0.00017547607421875
4,1,0.0002906322479248047
4,0,0.0003154277801513672
4,0,0.00021314620971679688
4,1,0.00028133392333984375
4,1,0.00026607513427734375
4,0,0.00025534629821777344
4,1,0.00034046173095703125
4,0,0.00012540817260742188
4,1,0.0003998279571533203
4,0,0.00022840499877929688
4,1,0.00028514862060546875
4,1,0.0002694129943847656
4,1,0.00043892860412597656
4,1,0.00028824806213378906
4,1,0.00025272369384765625
4,0,0.00019741058349609375
4,1,0.0002579689025878906
4,1,0.00037360191345214844
4,0,9.799003601074219e-05
4,1,0.0004076957702636719
4,1,0.00029540061950683594
4,1,0.0002605915069580078
4,0,0.0007698535919189453
4,1,0.0003924369812011719
4,1,0.0007114410400390625
4,0,0.00027251243591308594
4,1,0.00024819374084472656
4,0,0.00016760826110839844
4,1,0.000270843505859375
4,1,0.0003676414489746094
4,1,0.0002605915069580078
4,1,0.00047016143798828125
4,1,0.0006721019744873047
4,1,0.0002646446228027344
4,1,0.0002510547637939453
4,1,0.0003497600555419922
4,1,0.0002636909484863281
4,0,0.0002181529998779297
4,0,0.0005950927734375
4,1,0.00026226043701171875
4,1,0.0002605915069580078
4,1,0.0002536773681640625
4,1,0.0002582073211669922
4,1,0.0005102157592773438
4,1,0.00032138824462890625
4,1,0.0002803802490234375
4,0,0.0004749298095703125
4,1,0.0004894733428955078
4,0,0.00027370452880859375
4,0,0.00022029876708984375
4,0,0.0004343986511230469
4,0,0.0003173351287841797
4,0,0.00047707557678222656
4,1,0.0012938976287841797
4,0,0.00042819976806640625
4,1,0.00026917457580566406
4,0,0.00020432472229003906
4,1,0.0002803802490234375
4,1,0.00026988983154296875
4,1,0.000278472900390625
4,1,0.0002951622009277344
4,0,0.0002586841583251953
4,1,0.0005021095275878906
4,1,0.0002472400665283203
4,0,0.00032973289489746094
4,1,0.00026106834411621094
4,0,0.000110626220703125
4,0,0.0002465248107910156
4,1,0.0003733634948730469
4,1,0.00026035308837890625
4,1,0.0004143714904785156
4,0,0.0002703666687011719
4,0,0.00016498565673828125
4,1,0.00031876564025878906
4,0,0.00012159347534179688
4,0,0.0001685619354248047
4,0,0.0005221366882324219
4,1,0.0002510547637939453
4,1,0.0002758502960205078
4,0,0.00031185150146484375
4,1,0.00029659271240234375
4,1,0.000400543212890625
4,1,0.00028228759765625
4,1,0.00026798248291015625
4,1,0.0002682209014892578
4,0,0.00011444091796875
4,0,0.00019097328186035156
4,1,0.00027561187744140625
4,0,9.5367431640625e-05
4,1,0.0002474784851074219
4,0,0.0003368854522705078
4,1,0.00029015541076660156
4,1,0.00045680999755859375
4,1,0.00033020973205566406
4,1,0.0002779960632324219
4,1,0.00045371055603027344
4,1,0.00026726722717285156
4,0,0.0007498264312744141
4,1,0.0002562999725341797
4,1,0.0003719329833984375
4,1,0.0002655982971191406
4,0,9.632110595703125e-05
4,1,0.000255584716796875
4,1,0.0002658367156982422
4,1,0.00027179718017578125
4,0,0.00010132789611816406
4,1,0.0003325939178466797
4,1,0.00027060508728027344
4,0,0.00017881393432617188
4,1,0.0003039836883544922
4,0,0.00019168853759765625
4,1,0.00024890899658203125
4,1,0.0002586841583251953
4,1,0.000316619873046875
4,1,0.0004405975341796875
4,0,0.000324249267578125
4,1,0.0002548694610595703
4,1,0.00034356117248535156
4,0,0.00033664703369140625
4,0,0.0004353523254394531
4,0,0.00022459030151367188
4,1,0.00029754638671875
4,0,0.0003235340118408203
4,0,0.0006833076477050781
4,1,0.00039267539978027344
4,1,0.00024080276489257812
4,1,0.00027060508728027344
4,1,0.0002720355987548828
4,0,0.0003418922424316406
4,1,0.0004277229309082031
4,1,0.0002579689025878906
4,0,0.000247955322265625
4,1,0.0002734661102294922
4,0,0.0003414154052734375
4,1,0.0002646446228027344
4,1,0.0003311634063720703
4,0,0.0001068115234375
4,0,0.000762939453125
4,0,9.775161743164062e-05
4,0,0.00032401084899902344
4,0,0.00020956993103027344
4,0,9.512901306152344e-05
4,0,0.00010132789611816406
4,1,0.0005621910095214844
4,0,0.00016427040100097656
4,1,0.0003337860107421875
4,1,0.0003714561462402344
4,1,0.00026798248291015625
4,1,0.0004169940948486328
4,0,8.058547973632812e-05
4,0,0.00012636184692382812
4,0,9.465217590332031e-05
4,0,0.0002524852752685547
4,1,0.00035643577575683594
4,1,0.00048065185546875
4,0,0.0001571178436279297
4,0,0.0005848407745361328
4,1,0.0002415180206298828
4,0,0.0002655982971191406
4,1,0.00026416778564453125
4,0,0.00017118453979492188
4,1,0.0002524852752685547
4,0,0.00023412704467773438
4,0,0.0005648136138916016
4,0,0.0001995563507080078
4,1,0.00038361549377441406
4,1,0.00036263465881347656
4,0,0.00015425682067871094
4,1,0.0002536773681640625
4,1,0.0002582073211669922
4,0,0.00042748451232910156
4,1,0.0002675056457519531
4,1,0.0002357959747314453
4,1,0.0002713203430175781
4,0,0.0002033710479736328
4,1,0.0003223419189453125
4,1,0.00023746490478515625
4,1,0.0002334117889404297
4,0,0.0004088878631591797
4,1,0.0003120899200439453
4,1,0.00022554397583007812
4,1,0.00023126602172851562
4,1,0.00029850006103515625
4,0,0.0002493858337402344
4,1,0.0003235340118408203
4,1,0.00026106834411621094
4,1,0.0002617835998535156
4,1,0.0003120899200439453
4,1,0.0002923011779785156
4,0,0.0003695487976074219
4,0,0.0003159046173095703
4,1,0.000255584716796875
4,0,0.0004115104675292969
4,1,0.0004115104675292969
4,0,0.00031447410583496094
4,0,0.00022363662719726562
4,1,0.00028204917907714844
4,0,0.0005948543548583984
4,0,0.0005459785461425781
4,1,0.0003235340118408203
4,1,0.0002586841583251953
4,1,0.00028777122497558594
4,0,0.00018739700317382812
4,0,0.00023555755615234375
4,1,0.0005106925964355469
4,1,0.0004863739013671875
4,1,0.00034356117248535156
4,1,0.0002684593200683594
4,0,0.0002422332763671875
4,1,0.00023365020751953125
4,0,0.0003631114959716797
4,1,0.00024890899658203125
4,1,0.0002484321594238281
4,1,0.0003037452697753906
4,0,0.00014543533325195312
4,0,0.00019598007202148438
4,1,0.00023508071899414062
4,1,0.0002987384796142578
4,0,0.000232696533203125
4,0,0.00018787384033203125
4,0,0.00027489662170410156
4,1,0.0002493858337402344
4,0,0.000152587890625
4,0,0.00019693374633789062
4,1,0.00024318695068359375
4,0,0.00025081634521484375
4,1,0.0005366802215576172
4,1,0.000270843505859375
4,1,0.00043463706970214844
4,0,0.00011324882507324219
4,1,0.0002841949462890625
4,0,0.00013303756713867188
4,1,0.0005252361297607422
6,0,0.0008640289306640625
6,0,0.0074880123138427734
6,0,0.00018024444580078125
6,1,0.0009679794311523438
6,1,0.0027251243591308594
6,1,0.0012974739074707031
6,1,0.0007462501525878906
6,0,0.0053517818450927734
6,1,0.0012021064758300781
6,1,0.0014548301696777344
6,1,0.0013175010681152344
6,1,0.0012269020080566406
6,0,0.0008101463317871094
6,1,0.0008075237274169922
6,1,0.0007879734039306641
6,1,0.0014646053314208984
6,1,0.0045053958892822266
6,0,0.03318381309509277
6,0,0.00040912628173828125
6,0,0.0008161067962646484
6,0,0.0008144378662109375
6,1,0.0007770061492919922
6,0,0.00023865699768066406
6,1,0.0011878013610839844
6,1,0.0017669200897216797
6,0,0.0009160041809082031
6,0,0.00018310546875
6,1,0.0007801055908203125
6,1,0.0007722377777099609
6,0,0.0012774467468261719
6,1,0.002195596694946289
6,1,0.0007684230804443359
6,0,0.00037288665771484375
6,1,0.0014927387237548828
6,0,0.00029659271240234375
6,0,0.0002846717834472656
6,0,0.0003657341003417969
6,1,0.0013349056243896484
6,1,0.0010683536529541016
6,1,0.0011219978332519531
6,0,0.0018343925476074219
6,0,0.00015234947204589844
6,1,0.0017974376678466797
6,0,0.0011703968048095703
6,0,0.00020170211791992188
6,1,0.0009071826934814453
6,1,0.002986907958984375
6,1,0.0011012554168701172
6,0,0.0012767314910888672
6,0,0.0031402111053466797
6,0,0.0001919269561767578
6,1,0.006101846694946289
6,0,0.0022237300872802734
6,0,0.0019876956939697266
6,0,0.0004620552062988281
6,1,0.004467010498046875
6,1,0.0007078647613525391
6,1,0.0008919239044189453
6,1,0.0010449886322021484
6,0,0.011098384857177734
6,1,0.0010981559753417969
6,0,0.0034978389739990234
6,0,0.0007786750793457031
6,1,0.0006737709045410156
6,1,0.001928567886352539
6,0,0.0009605884552001953
6,1,0.0007822513580322266
6,1,0.0007638931274414062
6,0,0.0006482601165771484
6,0,0.0007464885711669922
6,1,0.0009119510650634766
6,1,0.0008769035339355469
6,0,0.0003044605255126953
6,0,0.0017902851104736328
6,0,0.0009789466857910156
6,0,0.004994392395019531
6,0,0.0017611980438232422
6,1,0.0009129047393798828
6,0,0.0006759166717529297
6,0,0.003454923629760742
6,0,0.000614166259765625
6,0,0.002870321273803711
6,1,0.00098419189453125
6,1,0.002694845199584961
6,0,0.0016243457794189453
6,0,0.00015163421630859375
6,0,0.0018076896667480469
6,0,0.006690025329589844
6,0,0.0005304813385009766
6,0,0.0003254413604736328
6,0,0.0033881664276123047
6,0,0.0011768341064453125
6,1,0.00084686279296875
6,0,0.0002541542053222656
6,0,0.0023047924041748047
6,0,0.0008761882781982422
6,0,0.006101846694946289
6,1,0.0009095668792724609
6,0,0.0017256736755371094
6,1,0.0011539459228515625
6,0,0.0001494884490966797
6,1,0.0013470649719238281
6,0,0.0004942417144775391
6,0,0.0030367374420166016
6,0,0.0032324790954589844
6,0,0.000446319580078125
6,0,0.000423431396484375
6,0,0.00030803680419921875
6,1,0.0008530616760253906
6,1,0.0018873214721679688
6,1,0.0008616447448730469
6,1,0.0011320114135742188
6,1,0.0007376670837402344
6,1,0.0007193088531494141
6,1,0.0008795261383056641
6,1,0.0011491775512695312
6,1,0.004854679107666016
6,1,0.0007085800170898438
6,1,0.0008611679077148438
6,1,0.0007956027984619141
6,1,0.0007245540618896484
6,1,0.0008401870727539062
6,0,0.0001518726348876953
6,1,0.0012547969818115234
6,0,0.0038123130798339844
6,0,0.00014853477478027344
6,0,0.0014181137084960938
6,0,0.0005269050598144531
6,0,0.0025103092193603516
6,0,0.0004067420959472656
6,1,0.0007801055908203125
6,0,0.0044596195220947266
6,0,0.0001838207244873047
6,1,0.0007719993591308594
6,0,0.0031189918518066406
6,0,0.0010807514190673828
6,1,0.0009527206420898438
6,1,0.0009634494781494141
6,0,0.001367330551147461
6,1,0.000751495361328125
6,0,0.00015783309936523438
6,0,0.001020669937133789
6,1,0.0011630058288574219
6,0,0.0001983642578125
6,0,0.00028133392333984375
6,0,0.004483699798583984
6,1,0.0012204647064208984
6,0,0.0017120838165283203
6,1,0.0061986446380615234
6,0,0.003645658493041992
6,0,0.0001666545867919922
6,0,0.00041937828063964844
6,1,0.0008645057678222656
6,0,0.0003440380096435547
6,1,0.0019283294677734375
6,0,0.010256052017211914
6,1,0.0006983280181884766
6,0,0.002074003219604492
6,0,0.002679109573364258
6,0,0.0053670406341552734
6,1,0.0007655620574951172
6,1,0.0036644935607910156
6,1,0.004647254943847656
6,0,0.000247955322265625
6,0,0.0019307136535644531
6,1,0.0011775493621826172
6,1,0.0007243156433105469
6,1,0.0010294914245605469
6,1,0.0007379055023193359
6,1,0.0018472671508789062
6,1,0.0011937618255615234
6,0,0.00014853477478027344
6,0,0.0010876655578613281
6,0,0.0003123283386230469
6,0,0.0009036064147949219
6,0,0.012433767318725586
6,0,0.0055501461029052734
6,0,0.008072376251220703
6,0,0.0012025833129882812
6,0,0.00014472007751464844
6,1,0.0007147789001464844
6,1,0.0007452964782714844
6,0,0.0006306171417236328
6,1,0.000766754150390625
6,1,0.003907918930053711
6,1,0.0008347034454345703
6,0,0.0006327629089355469
6,0,0.001026153564453125
6,0,0.0005407333374023438
6,0,0.00014710426330566406
6,1,0.002539396286010742
6,1,0.0019059181213378906
6,0,0.01797032356262207
6,0,0.005354881286621094
6,0,0.0008649826049804688
6,1,0.0010683536529541016
6,0,0.0003802776336669922
6,0,0.00042629241943359375
6,0,0.0010197162628173828
6,0,0.003980159759521484
6,0,0.00039696693420410156
6,1,0.0032567977905273438
6,0,0.012116432189941406
6,0,0.00014829635620117188
6,0,0.0028433799743652344
6,0,0.00015115737915039062
6,0,0.005944728851318359
6,0,0.003244161605834961
6,0,0.00911855697631836
6,1,0.008383750915527344
6,0,0.0021016597747802734
6,1,0.0012125968933105469
6,1,0.0038521289825439453
6,0,0.0015244483947753906
6,1,0.0008237361907958984
6,1,0.0011408329010009766
6,1,0.003553152084350586
6,0,0.0038356781005859375
6,1,0.0008008480072021484
6,1,0.000896453857421875
6,0,0.0004737377166748047
6,0,0.0010285377502441406
6,0,0.0005364418029785156
6,0,0.0010759830474853516
6,0,0.0019843578338623047
6,1,0.0010292530059814453
6,0,0.0034978389739990234
6,0,0.00017070770263671875
6,1,0.0007567405700683594
6,0,0.001031637191772461
6,0,0.01692676544189453
6,0,0.0001437664031982422
6,0,0.000148773193359375
6,0,0.0008299350738525391
6,1,0.002477884292602539
6,0,0.002665996551513672
6,1,0.001958608627319336
6,0,0.0007998943328857422
6,0,0.007477998733520508
6,0,0.0005967617034912109
6,1,0.0012981891632080078
6,0,0.00519561767578125
6,1,0.0017719268798828125
6,0,0.0017170906066894531
6,0,0.001836538314819336
6,0,0.0006246566772460938
6,0,0.0025713443756103516
6,1,0.0008523464202880859
6,1,0.001176595687866211
6,0,0.002398967742919922
6,1,0.0009958744049072266
6,0,0.0007452964782714844
6,0,0.0004279613494873047
6,0,0.00034117698669433594
6,1,0.0008320808410644531
6,0,0.0020732879638671875
6,0,0.0035278797149658203
6,1,0.0011556148529052734
6,0,0.0003046989440917969
6,1,0.0006968975067138672
6,0,0.000644683837890625
6,0,0.0008714199066162109
6,1,0.0009636878967285156
6,0,0.0006189346313476562
6,0,0.001863241195678711
6,0,0.004305601119995117
6,1,0.0014202594757080078
6,0,0.0011410713195800781
6,1,0.0006606578826904297
6,0,0.008614301681518555
6,0,0.0008563995361328125
6,1,0.001211404800415039
6,1,0.0011112689971923828
6,0,0.001432657241821289
6,1,0.0019168853759765625
6,1,0.0012426376342773438
6,1,0.0013561248779296875
6,0,0.0004086494445800781
6,0,0.0004029273986816406
6,1,0.002010345458984375
6,1,0.0007531642913818359
6,0,0.003432035446166992
6,0,0.00034332275390625
6,0,0.0005426406860351562
6,1,0.0006983280181884766
6,0,0.0002906322479248047
6,0,0.003244638442993164
6,1,0.0007889270782470703
6,0,0.00032973289489746094
6,1,0.0011391639709472656
6,1,0.0013451576232910156
6,0,0.0012395381927490234
6,0,0.004479885101318359
6,0,0.017377614974975586
6,0,0.0006852149963378906
6,1,0.0011610984802246094
6,0,0.00046443939208984375
6,0,0.0027892589569091797
6,1,0.0010340213775634766
6,1,0.0029196739196777344
6,0,0.0053102970123291016
6,1,0.002379894256591797
6,1,0.001641988754272461
6,1,0.0010790824890136719
6,0,0.0005841255187988281
6,0,0.0038671493530273438
6,0,0.002885103225708008
6,0,0.0002186298370361328
6,0,0.0015556812286376953
6,1,0.0007348060607910156
6,0,0.006912946701049805
6,0,0.001087188720703125
6,0,0.0011408329010009766
6,0,0.0017044544219970703
6,0,0.0013477802276611328
6,0,0.002087116241455078
6,0,0.0008993148803710938
6,1,0.0029802322387695312
6,1,0.0007123947143554688
6,0,0.0015609264373779297
6,0,0.00081634521484375
6,1,0.0007388591766357422
6,0,0.06214475631713867
6,1,0.001398324966430664
6,0,0.0004661083221435547
6,0,0.003755331039428711
6,1,0.0009016990661621094
6,0,0.0008752346038818359
6,1,0.0009806156158447266
6,0,0.0010769367218017578
6,0,0.005037784576416016
6,1,0.003248929977416992
6,1,0.0020384788513183594
6,1,0.000743865966796875
6,1,0.0012311935424804688
6,1,0.0014641284942626953
6,1,0.0013473033905029297
6,1,0.0013971328735351562
6,0,0.0014307498931884766
6,1,0.0011610984802246094
6,1,0.0009241104125976562
6,1,0.0008192062377929688
6,1,0.0007090568542480469
6,1,0.0009136199951171875
6,0,0.00015020370483398438
6,0,0.0045621395111083984
6,0,0.0013859272003173828
6,0,0.00014638900756835938
6,1,0.0009012222290039062
6,0,0.00019550323486328125
6,0,0.00017404556274414062
6,0,0.00037980079650878906
6,0,0.0011150836944580078
6,0,0.0004258155822753906
6,1,0.0010554790496826172
6,0,0.00014710426330566406
6,1,0.000993967056274414
6,0,0.008907318115234375
6,0,0.0001571178436279297
6,1,0.0010428428649902344
6,1,0.0010271072387695312
6,1,0.0016155242919921875
6,1,0.0024039745330810547
6,1,0.003391742706298828
6,0,0.0014369487762451172
6,1,0.0034117698669433594
6,0,0.003942251205444336
6,0,0.0007884502410888672
6,1,0.0013380050659179688
6,0,0.00014925003051757812
6,0,0.00028324127197265625
6,1,0.001699686050415039
6,0,0.0002627372741699219
6,1,0.0007102489471435547
6,1,0.001249074935913086
6,1,0.001405477523803711
6,1,0.0007598400115966797
6,1,0.0018134117126464844
6,1,0.0009212493896484375
6,0,0.0022149085998535156
6,0,0.0004706382751464844
6,1,0.000946044921875
6,1,0.0035283565521240234
6,1,0.0011353492736816406
6,1,0.0013761520385742188
6,1,0.0017707347869873047
6,1,0.0008170604705810547
6,1,0.0017507076263427734
6,1,0.0009038448333740234
6,1,0.001039743423461914
6,1,0.0009026527404785156
6,0,0.0005328655242919922
6,1,0.0010766983032226562
6,0,0.0030939579010009766
6,1,0.0009715557098388672
6,0,0.0001609325408935547
6,0,0.0003275871276855469
6,1,0.0008652210235595703
6,1,0.0008404254913330078
6,0,0.0014514923095703125
6,0,0.0001800060272216797
6,0,0.0007796287536621094
6,0,0.0003790855407714844
6,1,0.0007255077362060547
6,1,0.001191854476928711
6,0,0.0017502307891845703
6,1,0.001300811767578125
6,0,0.0011134147644042969
6,0,0.0003256797790527344
6,0,0.004756450653076172
6,0,0.011714458465576172
6,0,0.00019598007202148438
6,0,0.004389286041259766
6,0,0.0003676414489746094
6,1,0.001031637191772461
6,0,0.0015842914581298828
6,0,0.0036182403564453125
6,1,0.0008764266967773438
6,0,0.0029125213623046875
6,0,0.0008177757263183594
6,1,0.0020661354064941406
6,0,0.0005719661712646484
6,1,0.0018270015716552734
6,0,0.00019621849060058594
6,1,0.0024673938751220703
6,1,0.0011823177337646484
6,1,0.0010521411895751953
6,0,0.0007953643798828125
6,1,0.0008027553558349609
6,0,0.00017762184143066406
6,1,0.0010528564453125
6,0,0.00022411346435546875
6,1,0.0013186931610107422
6,0,0.0015707015991210938
6,1,0.002789735794067383
6,1,0.003657102584838867
6,1,0.0012123584747314453
6,0,0.00034236907958984375
6,1,0.0016410350799560547
6,0,0.0003707408905029297
6,0,0.0016460418701171875
6,0,0.0008723735809326172
6,0,0.00015211105346679688
6,1,0.0007221698760986328
6,1,0.0009696483612060547
6,0,0.0023055076599121094
6,1,0.0008373260498046875
6,0,0.0002014636993408203
6,1,0.0008883476257324219
6,0,0.0015361309051513672
6,1,0.002695322036743164
6,0,0.003073453903198242
6,1,0.036409616470336914
6,0,0.0005867481231689453
6,1,0.0013892650604248047
6,0,0.018084287643432617
6,1,0.002456188201904297
6,0,0.00031638145446777344
6,1,0.0010159015655517578
6,0,0.0006871223449707031
6,0,0.017554521560668945
6,0,0.0012161731719970703
6,1,0.0027971267700195312
6,1,0.0014162063598632812
6,0,0.00052642822265625
6,1,0.0010454654693603516
6,0,0.0008788108825683594
6,0,0.0031061172485351562
6,1,0.0007276535034179688
6,1,0.0012445449829101562
6,1,0.0010967254638671875
6,0,0.0012347698211669922
6,0,0.0010461807250976562
6,1,0.0008664131164550781
6,1,0.0007026195526123047
6,0,0.00021386146545410156
6,0,0.008960485458374023
6,0,0.0001704692840576172
6,0,0.0010166168212890625
6,0,0.00021028518676757812
6,1,0.000946044921875
6,0,0.001500844955444336
6,0,0.0036971569061279297
6,1,0.0014646053314208984
6,0,0.00045418739318847656
6,0,0.0018291473388671875
6,0,0.0069751739501953125
6,1,0.0006811618804931641
6,0,0.0051708221435546875
6,1,0.0007982254028320312
6,0,0.006633758544921875
6,1,0.0028243064880371094
6,1,0.0013210773468017578
6,1,0.0008747577667236328
6,1,0.0008077621459960938
6,0,0.004587411880493164
6,0,0.0003020763397216797
6,0,0.00029206275939941406
6,1,0.0016489028930664062
6,0,0.0011832714080810547
8,1,0.020090818405151367
8,0,0.0004038810729980469
8,0,0.00034236907958984375
8,1,0.07119560241699219
8,0,0.008709907531738281
8,0,0.10046076774597168
8,0,0.023230552673339844
8,0,0.0005047321319580078
8,0,0.00039839744567871094
8,1,0.014568328857421875
8,1,0.00676417350769043
8,0,0.002030611038208008
8,0,0.0003409385681152344
8,1,0.021226882934570312
8,0,0.024798870086669922
8,1,0.009482383728027344
8,0,0.0005545616149902344
8,0,0.022012710571289062
8,0,0.017949342727661133
8,0,0.0005075931549072266
8,1,0.0037620067596435547
8,0,0.0032813549041748047
8,0,0.033931732177734375
8,1,0.005124092102050781
8,1,0.003384113311767578
8,0,0.00033164024353027344
8,0,0.0038709640502929688
8,1,0.0018422603607177734
8,0,0.020284175872802734
8,1,0.004735231399536133
8,0,0.0003139972686767578
8,0,0.003513813018798828
8,0,0.0005767345428466797
8,1,0.16393828392028809
8,0,0.09805989265441895
8,0,0.11273908615112305
8,0,0.0014972686767578125
8,1,0.0063397884368896484
8,0,0.00040650367736816406
8,0,0.1504206657409668
8,0,0.0022766590118408203
8,0,0.00047397613525390625
8,1,0.013864994049072266
8,1,0.00418400764465332
8,1,0.010615348815917969
8,1,0.032464027404785156
8,0,0.005767107009887695
8,0,0.0009839534759521484
8,0,0.23840045928955078
8,0,0.001280069351196289
8,0,0.08048772811889648
8,0,0.0026578903198242188
8,1,0.017791032791137695
8,0,0.0004954338073730469
8,0,0.006239414215087891
8,1,0.0037584304809570312
8,1,0.005072593688964844
8,0,0.0034112930297851562
8,1,0.07826375961303711
8,1,0.003607511520385742
8,0,0.0003337860107421875
8,0,0.023819684982299805
8,1,0.009249210357666016
8,0,0.0002684593200683594
8,0,0.10330319404602051
8,1,0.0066797733306884766
8,0,0.00041484832763671875
8,0,0.00043463706970214844
8,1,0.005677461624145508
8,0,0.0033974647521972656
8,0,0.004236459732055664
8,0,0.000701904296875
8,0,0.00024962425231933594
8,0,0.0002493858337402344
8,1,0.004647493362426758
8,0,0.0006313323974609375
8,1,0.0043790340423583984
8,0,0.0003325939178466797
8,0,0.19230866432189941
8,1,0.002366781234741211
8,0,0.02514791488647461
8,0,0.0004119873046875
8,0,0.0003974437713623047
8,0,0.3675534725189209
8,1,0.007976770401000977
8,1,0.002172231674194336
8,0,0.0005807876586914062
8,0,0.038279056549072266
8,1,0.1838984489440918
8,0,0.00026869773864746094
8,0,0.003913402557373047
8,1,0.0029408931732177734
8,1,0.0021941661834716797
8,1,0.002694368362426758
8,1,0.05794024467468262
8,0,0.020384550094604492
8,1,0.2579035758972168
8,1,0.004097700119018555
8,0,1.1175892353057861
8,0,0.00038623809814453125
8,0,0.06461286544799805
8,1,0.017607688903808594
8,0,0.0005576610565185547
8,0,0.0057184696197509766
8,0,0.0004756450653076172
8,0,0.0025217533111572266
8,0,0.12878203392028809
8,1,0.08010435104370117
8,0,0.765580415725708
8,0,0.08430314064025879
8,0,0.05442404747009277
8,0,0.006781101226806641
8,0,0.0003523826599121094
8,0,0.0005202293395996094
8,1,0.027988195419311523
8,0,0.0018897056579589844
8,0,20.033556699752808
8,0,0.0013017654418945312
8,0,0.00044989585876464844
8,0,0.0008809566497802734
8,1,0.02208852767944336
8,0,0.0008947849273681641
8,0,0.0004611015319824219
8,0,0.00034737586975097656
8,0,0.18593454360961914
8,0,0.0004515647888183594
8,0,0.0003452301025390625
8,0,0.0002968311309814453
8,1,0.1666121482849121
8,0,0.0017824172973632812
8,1,0.004703044891357422
8,1,0.005827188491821289
8,0,0.0030875205993652344
8,0,0.0003104209899902344
8,0,0.00037550926208496094
8,0,0.0019881725311279297
8,0,0.10387253761291504
8,0,0.3911924362182617
8,1,0.753504753112793
8,0,0.0005667209625244141
8,0,0.0037217140197753906
8,1,0.01687312126159668
8,0,0.00034546852111816406
8,0,0.0021567344665527344
8,0,0.0003528594970703125
8,0,0.00048804283142089844
8,1,0.002657175064086914
8,1,0.002370595932006836
8,1,0.0019104480743408203
8,1,0.007855653762817383
8,0,0.004631996154785156
8,0,0.013892650604248047
8,1,0.007424831390380859
8,0,0.005152225494384766
8,1,0.00766444206237793
8,1,0.16179323196411133
8,0,0.02259969711303711
8,1,0.0017418861389160156
8,0,0.061447858810424805
8,0,0.0007615089416503906
8,1,0.05497598648071289
8,0,0.0005130767822265625
8,0,0.0007040500640869141
8,0,0.0005621910095214844
8,0,0.0031728744506835938
8,1,0.36597156524658203
8,1,0.2501039505004883
8,0,0.00035834312438964844
8,0,0.008023738861083984
8,0,0.07657551765441895
8,1,0.03765392303466797
8,0,0.0004858970642089844
8,0,0.0017752647399902344
8,1,0.555121898651123
8,1,0.0061533451080322266
8,0,0.0014541149139404297
8,0,0.0341799259185791
8,0,0.0009677410125732422
8,1,0.2389829158782959
8,0,0.0003592967987060547
8,0,0.0003039836883544922
8,1,0.002626180648803711
8,1,0.014816522598266602
8,1,0.00905919075012207
8,1,0.015174388885498047
8,0,1.1581659317016602
8,0,0.0003266334533691406
8,0,0.00027680397033691406
8,0,0.00030541419982910156
8,0,0.0008933544158935547
8,0,0.002618551254272461
8,0,0.015306711196899414
8,1,0.22207331657409668
8,0,0.0028133392333984375
8,1,0.014383792877197266
8,0,0.03217458724975586
8,1,0.06144142150878906
8,0,0.0003342628479003906
8,0,0.5853493213653564
8,0,0.002734661102294922
8,0,0.001131296157836914
8,0,0.0009860992431640625
8,1,0.005889415740966797
8,1,0.010737419128417969
8,0,0.0035791397094726562
8,0,0.0005664825439453125
8,1,0.002059459686279297
8,0,0.006481170654296875
8,1,0.251190185546875
8,0,0.0045621395111083984
8,1,0.009223699569702148
8,1,0.011032819747924805
8,0,0.0002830028533935547
8,0,0.008275270462036133
8,0,0.007261037826538086
8,0,0.021453857421875
8,0,0.004492759704589844
8,1,0.01808786392211914
8,0,0.03074955940246582
8,1,0.005697965621948242
8,1,0.007466316223144531
8,0,0.0004603862762451172
8,1,0.0037355422973632812
8,0,0.6979708671569824
8,0,0.0002853870391845703
8,1,0.027995824813842773
8,0,0.0003635883331298828
8,0,0.05393075942993164
8,1,0.0025424957275390625
8,0,0.0010628700256347656
8,0,0.0005221366882324219
8,0,0.0007958412170410156
8,1,0.0021545886993408203
8,1,0.10567331314086914
8,1,0.04128456115722656
8,1,0.01948857307434082
8,0,0.012892484664916992
8,0,0.05176258087158203
8,0,0.010881423950195312
8,1,0.004973649978637695
8,0,0.01826763153076172
8,0,0.017244577407836914
8,0,0.0006554126739501953
8,1,0.00986027717590332
8,0,0.011476755142211914
8,0,0.0015888214111328125
8,0,0.01872539520263672
8,0,0.00032901763916015625
8,1,0.012532711029052734
8,0,0.008825540542602539
8,0,0.03916525840759277
8,0,0.0005021095275878906
8,0,0.0005085468292236328
8,0,0.09364151954650879
8,0,0.20462584495544434
8,1,0.027528047561645508
8,0,0.016402006149291992
8,1,0.005548954010009766
8,0,0.012810230255126953
8,0,0.0857841968536377
8,0,0.00041961669921875
8,0,0.0007498264312744141
8,1,0.03905892372131348
8,1,0.0025768280029296875
8,0,0.0003006458282470703
8,0,0.0003161430358886719
8,0,0.0004699230194091797
8,0,0.008211612701416016
8,1,0.306046724319458
8,0,0.002910137176513672
8,0,0.0012319087982177734
8,0,0.0004086494445800781
8,0,0.005227565765380859
8,0,0.00036644935607910156
8,0,0.16487336158752441
8,0,0.00035190582275390625
8,1,0.001787424087524414
8,0,0.00028634071350097656
8,0,0.04740643501281738
8,1,0.013749837875366211
8,0,0.0005731582641601562
8,0,0.0003285408020019531
8,0,0.024845123291015625
8,1,0.0077342987060546875
8,0,0.0003905296325683594
8,0,0.023789644241333008
8,0,0.0043277740478515625
8,0,0.0004017353057861328
8,0,0.0002446174621582031
8,0,0.005517482757568359
8,0,0.0004360675811767578
8,0,0.0003275871276855469
8,0,0.0002894401550292969
8,0,0.0003941059112548828
8,0,0.03353095054626465
8,1,0.005494832992553711
8,0,0.002328634262084961
8,1,0.009322404861450195
8,0,0.002211332321166992
8,1,0.01419687271118164
8,0,0.026537418365478516
8,1,0.0018029212951660156
8,1,0.014348983764648438
8,0,0.00033783912658691406
8,0,0.020574331283569336
8,0,0.007494449615478516
8,0,0.008217811584472656
8,0,0.06577348709106445
8,0,0.00040650367736816406
8,0,0.0037026405334472656
8,1,0.010797262191772461
8,0,0.00036144256591796875
8,0,0.00024080276489257812
8,1,0.005094051361083984
8,1,1.8687241077423096
8,1,0.03894662857055664
8,1,0.0033791065216064453
8,1,0.007773160934448242
8,0,0.0013952255249023438
8,0,0.0003509521484375
8,1,0.010663032531738281
8,0,0.04870343208312988
8,0,0.00040268898010253906
8,0,0.013862371444702148
8,0,0.0004482269287109375
8,1,0.008533954620361328
8,0,0.0004734992980957031
8,0,4.548338890075684
8,1,0.00792694091796875
8,0,0.0015637874603271484
8,1,0.006264925003051758
8,0,0.0013833045959472656
8,0,0.00025177001953125
8,1,0.03142571449279785
8,1,0.07232284545898438
8,0,0.0076792240142822266
8,1,0.028781652450561523
8,0,0.0017299652099609375
8,1,0.014362335205078125
8,0,0.00026035308837890625
8,0,0.00032067298889160156
8,0,0.0006113052368164062
8,0,0.00037789344787597656
8,0,0.03452563285827637
8,1,0.024287700653076172
8,0,0.2753589153289795
8,0,0.00028133392333984375
8,0,0.0003457069396972656
8,0,0.0011191368103027344
8,1,0.015714406967163086
8,0,0.04625678062438965
8,0,0.0017132759094238281
8,0,0.011127233505249023
8,0,0.010357379913330078
8,1,0.04080915451049805
8,0,0.006039619445800781
8,1,0.002910614013671875
8,1,0.01254892349243164
8,0,0.1011192798614502
8,0,0.0005300045013427734
8,0,0.00029397010803222656
8,0,0.005522012710571289
8,0,0.01506805419921875
8,1,0.01798391342163086
8,0,0.03766465187072754
8,1,0.004215717315673828
8,0,0.003213644027709961
8,1,0.004029750823974609
8,0,0.11362195014953613
8,1,0.0027437210083007812
8,0,0.00030922889709472656
8,1,0.07196640968322754
8,0,0.00038552284240722656
8,0,0.0015690326690673828
8,0,0.0005240440368652344
8,0,0.0014705657958984375
8,0,0.00039386749267578125
8,0,0.000400543212890625
8,1,0.0017490386962890625
8,0,0.00312042236328125
8,0,0.05776047706604004
8,1,0.003139495849609375
8,0,0.0005552768707275391
8,0,0.022257328033447266
8,0,0.014258384704589844
8,1,0.0062983036041259766
8,1,0.011691093444824219
8,0,0.0051422119140625
8,1,0.002073526382446289
8,0,0.0003147125244140625
8,0,0.5647046566009521
8,1,0.004377603530883789
8,0,0.020935535430908203
8,1,0.0065877437591552734
8,1,0.03756999969482422
8,0,0.9923272132873535
8,0,0.00034499168395996094
8,0,0.03634953498840332
8,1,0.011663436889648438
8,1,0.006209135055541992
8,0,0.0003733634948730469
8,0,0.0004286766052246094
8,0,0.030002117156982422
8,1,0.002454996109008789
8,1,0.0030617713928222656
8,0,0.00081634521484375
8,1,0.003249645233154297
8,0,0.0004305839538574219
8,0,0.008303165435791016
8,0,0.0002880096435546875
8,0,0.10134387016296387
8,1,0.0285799503326416
8,1,0.003120899200439453
8,0,0.034155845642089844
8,0,0.29869508743286133
8,1,0.07738304138183594
8,0,0.3902614116668701
8,0,0.0012459754943847656
8,1,0.1464390754699707
8,0,0.0010075569152832031
8,0,0.029854536056518555
8,0,0.0047435760498046875
8,0,0.0022449493408203125
8,1,0.002855539321899414
8,0,0.0004019737243652344
8,0,1.4777631759643555
8,1,0.20042777061462402
8,0,0.04667520523071289
8,0,0.0003097057342529297
8,1,0.002804994583129883
8,1,0.0062334537506103516
8,0,1.2186729907989502
8,0,0.00037407875061035156
8,0,4.2692084312438965
8,0,0.007407426834106445
8,0,0.0035436153411865234
8,0,0.00032067298889160156
8,0,0.38777828216552734
8,0,0.0003082752227783203
8,0,0.0003235340118408203
8,1,0.24043607711791992
8,1,0.10536670684814453
8,1,0.001844644546508789
8,0,0.017240047454833984
8,0,0.00037097930908203125
8,0,0.0016646385192871094
8,1,0.019743680953979492
8,0,0.02468252182006836
8,0,0.0003685951232910156
8,1,0.004082918167114258
8,1,0.01423501968383789
8,0,0.8769152164459229
8,0,0.0003199577331542969
8,1,0.004458189010620117
8,0,0.01241302490234375
8,0,0.002619504928588867
8,0,0.006716728210449219
8,1,0.0038042068481445312
8,1,0.01637887954711914
8,0,0.005080699920654297
8,0,0.0005273818969726562
8,0,0.00047707557678222656
8,0,0.0006146430969238281
8,0,0.0002543926239013672
8,0,0.000324249267578125
8,1,0.10405826568603516
8,0,0.00035953521728515625
8,0,0.0002579689025878906
8,0,0.018094539642333984
8,1,0.0046100616455078125
8,0,0.0003669261932373047
8,0,0.0251617431640625
8,0,0.09717226028442383
8,1,0.003230571746826172
8,0,0.028411149978637695
8,0,0.00034236907958984375
8,0,0.0003478527069091797
8,0,0.03388643264770508
8,0,0.0003001689910888672
8,0,0.0018749237060546875
8,0,0.028953075408935547
8,0,0.0002818107604980469
8,0,0.00041031837463378906
8,0,0.012169122695922852
8,0,0.31112122535705566
8,1,0.04475593566894531
8,0,0.014132261276245117
8,0,0.0026755332946777344
8,0,0.0004870891571044922
8,0,0.0006620883941650391
8,0,0.008765935897827148
8,0,0.14702963829040527
8,0,0.07862472534179688
8,0,0.04512143135070801
8,0,0.0038483142852783203
8,0,0.0018112659454345703
8,0,0.0009007453918457031
8,1,0.01745009422302246
8,0,0.00034165382385253906
8,0,0.00025081634521484375
10,0,0.015007972717285156
10,0,0.010907888412475586
10,1,0.026979446411132812
10,0,51.04709339141846
10,0,5.0981080532073975
10,0,0.0016164779663085938
10,0,0.0017876625061035156
10,0,0.0028619766235351562
10,1,2.4658379554748535
10,0,0.0022029876708984375
10,1,0.7635269165039062
10,0,0.03903698921203613
10,0,0.0007557868957519531
10,0,0.0004949569702148438
10,1,0.09420490264892578
10,0,1.830014944076538
10,1,10.99245548248291
10,0,0.0016350746154785156
10,1,0.34961485862731934
10,0,0.0005781650543212891
10,0,0.0006756782531738281
10,1,5.953211307525635
12,0,103.63620972633362
12,0,0.0009975433349609375
12,0,0.00194549560546875
